<?xml version="1.0" encoding="UTF-8"?>
<project-private xmlns="http://www.netbeans.org/ns/project-private/1">
    <editor-bookmarks xmlns="http://www.netbeans.org/ns/editor-bookmarks/2" lastBookmarkId="0"/>
    <open-files xmlns="http://www.netbeans.org/ns/projectui-open-files/2">
        <group name="TestingTutorStudy">
            <file>file:/C:/Users/LPCordova/Source/GitHub/TestingTutorStudy/3_Calculator/src/calculator/MyCalculator.java</file>
            <file>file:/C:/Users/LPCordova/Source/GitHub/TestingTutorStudy/3_Calculator/test/calculator/MyCalculatorTest.java</file>
        </group>
        <group>
            <file>file:/C:/Users/LPCordova/Source/GitHub/TestingTutorStudy/3_Calculator/src/calculator/CalcOperationException.java</file>
            <file>file:/C:/Users/LPCordova/Source/GitHub/TestingTutorStudy/3_Calculator/src/calculator/MyCalculator.java</file>
            <file>file:/C:/Users/LPCordova/Source/GitHub/TestingTutorStudy/3_Calculator/src/calculator/Subtract.java</file>
            <file>file:/C:/Users/LPCordova/Source/GitHub/TestingTutorStudy/3_Calculator/src/calculator/Main.java</file>
            <file>file:/C:/Users/LPCordova/Source/GitHub/TestingTutorStudy/3_Calculator/src/calculator/Add.java</file>
        </group>
    </open-files>
</project-private>
