<?xml version="1.0" encoding="UTF-8"?>
<project-private xmlns="http://www.netbeans.org/ns/project-private/1">
    <editor-bookmarks xmlns="http://www.netbeans.org/ns/editor-bookmarks/2" lastBookmarkId="0"/>
    <open-files xmlns="http://www.netbeans.org/ns/projectui-open-files/2">
        <group name="TestingTutorStudy">
            <file>file:/C:/Users/LPCordova/Source/GitHub/TestingTutorStudy/2_Deque/src/queue/Main.java</file>
            <file>file:/C:/Users/LPCordova/Source/GitHub/TestingTutorStudy/2_Deque/test/queue/MyQueueTest.java</file>
            <file>file:/C:/Users/LPCordova/Source/GitHub/TestingTutorStudy/2_Deque/src/queue/MyQueue.java</file>
        </group>
        <group>
            <file>file:/C:/Users/LPCordova/Source/GitHub/TestingTutorStudy/2_Deque/src/queue/MyQueue.java</file>
            <file>file:/C:/Users/LPCordova/Source/GitHub/TestingTutorStudy/2_Deque/src/queue/Main.java</file>
        </group>
    </open-files>
</project-private>
